{
    "train": {
        "loss": 0.2215484231710434,
        "accuracy": 0.9047619104385376
    },
    "eval": {
        "loss": 0.22118017077445984,
        "accuracy": 0.9111111164093018
    },
    "step": 29,
    "test_loss": 0.22118017077445984,
    "test_acc": 0.9111111164093018
}
